{
    "jogadores": [
        {
            "nome": "Cezar",
            "senha": "AugustoB4",
            "pontuacao": 245
        },
        {
            "nome": "Anthony",
            "senha": "Gabryel1",
            "pontuacao": 120.5
        },
        {
            "nome": "Gustavo",
            "senha": "Medeiros01",
            "pontuacao": 395.0
        },
        {
            "nome": "sofia",
            "senha": "123456p.",
            "pontuacao": 455
        }
    ]
}